{
    "keep": {
        "days": true,
        "amount": 14
    },
    "auditLog": "C:\\Dev\\fc-10-updated\\logs\\.baa5a9c8fb1517453af9c65a0e4981ec30f8a891-audit.json",
    "files": [
        {
            "date": 1540007816828,
            "name": "C:\\Dev\\fc-10-updated\\logs\\error.2018-10-19-23.log",
            "hash": "9c64571c0f772796abb0ed89f1cfea7d"
        },
        {
            "date": 1540007816831,
            "name": "C:\\Dev\\fc-10-updated\\logs\\combined.2018-10-19-23.log",
            "hash": "ad6ee5167f07dbc904c4e3c8405fae8e"
        },
        {
            "date": 1540008325500,
            "name": "C:\\Dev\\fc-10-updated\\logs\\combined.2018-10-20-00.log",
            "hash": "ca74d3d93a87529027ecca4522358469"
        },
        {
            "date": 1540008542216,
            "name": "C:\\Dev\\fc-10-updated\\logs\\error.2018-10-20-00.log",
            "hash": "43c6e82043d5c04898aa10517e205e51"
        },
        {
            "date": 1540016521066,
            "name": "C:\\Dev\\fc-10-updated\\logs\\combined.2018-10-20-02.log",
            "hash": "f2dc9d028c50679fa388812ed17ca1f1"
        },
        {
            "date": 1540024627813,
            "name": "C:\\Dev\\fc-10-updated\\logs\\combined.2018-10-20-04.log",
            "hash": "d37fa5a2716ef20557dd53a7eb9d5800"
        },
        {
            "date": 1540027399932,
            "name": "C:\\Dev\\fc-10-updated\\logs\\error.2018-10-20-05.log",
            "hash": "79360c84c62ecda88ebb3cae5772685b"
        },
        {
            "date": 1540027399934,
            "name": "C:\\Dev\\fc-10-updated\\logs\\combined.2018-10-20-05.log",
            "hash": "3a7344814945f11ea32020651342368b"
        },
        {
            "date": 1540029731681,
            "name": "C:\\Dev\\fc-10-updated\\logs\\error.2018-10-20-06.log",
            "hash": "82f2381a65e7b3ae3cf0fef6974e4ab5"
        },
        {
            "date": 1540029731683,
            "name": "C:\\Dev\\fc-10-updated\\logs\\combined.2018-10-20-06.log",
            "hash": "1f69ba8eb375380256b5c65c2b7b71cb"
        },
        {
            "date": 1540033832268,
            "name": "C:\\Dev\\fc-10-updated\\logs\\error.2018-10-20-07.log",
            "hash": "587e12d97bc1eb2c2d1687bb340f509c"
        },
        {
            "date": 1540033832271,
            "name": "C:\\Dev\\fc-10-updated\\logs\\combined.2018-10-20-07.log",
            "hash": "95fc2a2fe9dd8c4ca5eabda9395df736"
        },
        {
            "date": 1540036868583,
            "name": "C:\\Dev\\fc-10-updated\\logs\\error.2018-10-20-08.log",
            "hash": "ae0a4d01ae2694353ab25a17b828e7a3"
        },
        {
            "date": 1540036868585,
            "name": "C:\\Dev\\fc-10-updated\\logs\\combined.2018-10-20-08.log",
            "hash": "c9bb4d29ddeaca1c7b2e8bf6928b6690"
        },
        {
            "date": 1540040434815,
            "name": "C:\\Dev\\fc-10-updated\\logs\\error.2018-10-20-09.log",
            "hash": "3aedbe17aa8731be2041c41eab27dfc4"
        },
        {
            "date": 1540040434818,
            "name": "C:\\Dev\\fc-10-updated\\logs\\combined.2018-10-20-09.log",
            "hash": "0ad0921af4228889daf506fb2fc6c61a"
        },
        {
            "date": 1540044092788,
            "name": "C:\\Dev\\fc-10-updated\\logs\\combined.2018-10-20-10.log",
            "hash": "6917a9d1c20fc0c5fbd810153e68fa82"
        },
        {
            "date": 1540044789924,
            "name": "C:\\Dev\\fc-10-updated\\logs\\error.2018-10-20-10.log",
            "hash": "01bf829070696c4c94c57fcbf8bfc3f5"
        },
        {
            "date": 1540051295794,
            "name": "C:\\Dev\\fc-10-updated\\logs\\combined.2018-10-20-12.log",
            "hash": "355784d66ae4c35f96d3ebd1b5a7a4fc"
        }
    ]
}